1,Perejil,Szmftyfqooncyojrz,50,https://pixers.es/fotomurales/lulo-13873608,41,41,TRUE,1,400,1,
2,Fresa,Hmbjkexscssobwmdh,37,https://www.mexicampo.com.mx/michoacan-primer-lugar-nacional-en-produccion-de-fresa/,82,82,TRUE,2,399,2,
3,Tomate,Tfngsvysefdoeo,100,https://pixers.es/fotomurales/lulo-13873609,96,96,FALSE,3,398,3,
4,Banano,Lvxoxloxydsuuqebmgae,80,https://www.mexicampo.com.mx/michoacan-primer-lugar-nacional-en-produccion-de-fresa/,81,81,FALSE,4,397,4,
5,Tomate,Inlxtvhnnjteqkq,8,https://pixers.es/fotomurales/lulo-13873610,41,41,FALSE,5,396,5,
6,Tomate,Fcinuqczxveg,30,https://www.mexicampo.com.mx/michoacan-primer-lugar-nacional-en-produccion-de-fresa/,23,23,TRUE,6,395,6,
7,Fresa,Btqoecxbpppuwqv,8,https://pixers.es/fotomurales/lulo-13873611,13,13,TRUE,7,394,7,
8,Banano,Ekahqfeqkotebdou,20,https://www.mexicampo.com.mx/michoacan-primer-lugar-nacional-en-produccion-de-fresa/,11,11,TRUE,8,393,8,
9,Perejil,Jsxvwsubidqxzpybser,94,https://pixers.es/fotomurales/lulo-13873612,61,61,TRUE,9,392,9,
10,Fresa,Fgerplaacsyeib,66,https://www.mexicampo.com.mx/michoacan-primer-lugar-nacional-en-produccion-de-fresa/,58,58,TRUE,10,391,10,
11,Tomate,Ymhewmbtvkyloojxid,21,https://pixers.es/fotomurales/lulo-13873613,12,12,TRUE,11,390,11,
12,cebolla,Wfklhfhumwfrur,56,https://www.mexicampo.com.mx/michoacan-primer-lugar-nacional-en-produccion-de-fresa/,70,70,FALSE,12,389,12,
13,Tomate,Qturtlfdlhcdlazoszqf,94,https://pixers.es/fotomurales/lulo-13873614,45,45,TRUE,13,388,13,
14,Fresa,Msiqcfptxmdxrfz,16,https://www.mexicampo.com.mx/michoacan-primer-lugar-nacional-en-produccion-de-fresa/,24,24,FALSE,14,387,14,
15,Perejil,Gbmefrgalwilgn,55,https://pixers.es/fotomurales/lulo-13873615,7,7,TRUE,15,386,15,
16,manzana,Pwkvqorlwcbcfknz,58,https://www.mexicampo.com.mx/michoacan-primer-lugar-nacional-en-produccion-de-fresa/,74,74,TRUE,16,385,16,
17,Banano,Lskredusoknms,92,https://pixers.es/fotomurales/lulo-13873616,7,7,TRUE,17,384,17,
18,cebolla,Tarylpusotj,74,https://www.mexicampo.com.mx/michoacan-primer-lugar-nacional-en-produccion-de-fresa/,31,31,FALSE,18,383,18,
19,cebolla,Ocaniqhkefpjbmzzszjk,50,https://pixers.es/fotomurales/lulo-13873617,41,41,FALSE,19,382,19,
20,Fresa,Dmbczfmteolrwhulyz,44,https://www.mexicampo.com.mx/michoacan-primer-lugar-nacional-en-produccion-de-fresa/,100,100,TRUE,20,381,20,
21,Banano,Ubdvhckifvilsbw,28,https://pixers.es/fotomurales/lulo-13873618,33,33,FALSE,21,380,21,
22,cebolla,Ccesbiivthwaljc,63,https://www.mexicampo.com.mx/michoacan-primer-lugar-nacional-en-produccion-de-fresa/,50,50,FALSE,22,379,22,
23,Fresa,Uamdjubyqmr,7,https://pixers.es/fotomurales/lulo-13873619,92,92,TRUE,23,378,23,
24,Tomate,Tkdhlrlsqkf,39,https://www.mexicampo.com.mx/michoacan-primer-lugar-nacional-en-produccion-de-fresa/,87,87,TRUE,24,377,24,
25,Fresa,Wwqyakkwkok,9,https://pixers.es/fotomurales/lulo-13873620,29,29,FALSE,25,376,25,
26,Tomate,Qnmmrqhtjjdmwzethszo,22,https://www.mexicampo.com.mx/michoacan-primer-lugar-nacional-en-produccion-de-fresa/,34,34,TRUE,26,375,26,
27,Banano,Rnjfffafgmnqaqxumnc,69,https://pixers.es/fotomurales/lulo-13873621,33,33,FALSE,27,374,27,
28,Perejil,Svyzbehduekatildj,90,https://www.mexicampo.com.mx/michoacan-primer-lugar-nacional-en-produccion-de-fresa/,7,7,FALSE,28,373,28,
29,Fresa,Jwrqxpfdiyv,36,https://pixers.es/fotomurales/lulo-13873622,52,52,FALSE,29,372,29,
30,manzana,Qsetbufsxdlgwaudhic,55,https://www.mexicampo.com.mx/michoacan-primer-lugar-nacional-en-produccion-de-fresa/,1,1,TRUE,30,371,30,
31,manzana,Vtzueadpqwjeqzhp,45,https://pixers.es/fotomurales/lulo-13873623,78,78,TRUE,31,370,31,
32,Fresa,Ngpkaufdozaqypjih,30,https://www.mexicampo.com.mx/michoacan-primer-lugar-nacional-en-produccion-de-fresa/,66,66,FALSE,32,369,32,
33,cebolla,Virccilsfafzolfc,86,https://pixers.es/fotomurales/lulo-13873624,46,46,FALSE,33,368,33,
34,Banano,Tdcahbttfunhq,64,https://www.mexicampo.com.mx/michoacan-primer-lugar-nacional-en-produccion-de-fresa/,16,16,FALSE,34,367,34,
35,Banano,Wxjmvkibqxdopmyzykkgq,7,https://pixers.es/fotomurales/lulo-13873625,32,32,FALSE,35,366,35,
36,manzana,Rhkmucbakozyh,32,https://www.mexicampo.com.mx/michoacan-primer-lugar-nacional-en-produccion-de-fresa/,54,54,FALSE,36,365,36,
37,Fresa,Zsfutwfvafax,20,https://pixers.es/fotomurales/lulo-13873626,90,90,FALSE,37,364,37,
38,Perejil,Nvansddkyaulxkuiecr,60,https://www.mexicampo.com.mx/michoacan-primer-lugar-nacional-en-produccion-de-fresa/,57,57,FALSE,38,363,38,
39,manzana,Qtiqqhrutprdbp,61,https://pixers.es/fotomurales/lulo-13873627,44,44,FALSE,39,362,39,
40,Tomate,Qefugxagbbhxsoaeoztf,21,https://www.mexicampo.com.mx/michoacan-primer-lugar-nacional-en-produccion-de-fresa/,72,72,FALSE,40,361,40,
41,Fresa,Tsxdysbzgazpaqypcsi,71,https://pixers.es/fotomurales/lulo-13873628,18,18,TRUE,41,360,41,
42,manzana,Aksabeowuuohrqtffwxrw,11,https://www.mexicampo.com.mx/michoacan-primer-lugar-nacional-en-produccion-de-fresa/,43,43,TRUE,42,359,42,
43,Banano,Edvhlcfphguxpvkosl,6,https://pixers.es/fotomurales/lulo-13873629,20,20,FALSE,43,358,43,
44,Tomate,Vxiuobyvjlzcam,85,https://www.mexicampo.com.mx/michoacan-primer-lugar-nacional-en-produccion-de-fresa/,62,62,TRUE,44,357,44,
45,Banano,Fuimfneubeb,45,https://pixers.es/fotomurales/lulo-13873630,100,100,FALSE,45,356,45,
46,cebolla,Pygblpcnbirbk,98,https://www.mexicampo.com.mx/michoacan-primer-lugar-nacional-en-produccion-de-fresa/,39,39,TRUE,46,355,46,
47,Tomate,Jkojmsjuuriykati,29,https://pixers.es/fotomurales/lulo-13873631,77,77,FALSE,47,354,47,
48,manzana,Vqjgybweaqyndgmzwe,68,https://www.mexicampo.com.mx/michoacan-primer-lugar-nacional-en-produccion-de-fresa/,62,62,FALSE,48,353,48,
49,Banano,Xmcynckdnosxnkciyu,11,https://pixers.es/fotomurales/lulo-13873632,60,60,FALSE,49,352,49,
50,Tomate,Wdtzmealdqkzrsmkzt,4,https://www.mexicampo.com.mx/michoacan-primer-lugar-nacional-en-produccion-de-fresa/,75,75,TRUE,50,351,50,
51,Fresa,Ukcnfpqmxxipqvnju,33,https://pixers.es/fotomurales/lulo-13873633,97,97,FALSE,51,350,51,
52,cebolla,Wqeyvbwicvmwrj,27,https://www.mexicampo.com.mx/michoacan-primer-lugar-nacional-en-produccion-de-fresa/,43,43,TRUE,52,349,52,
53,cebolla,Bvfrxqczypcubissr,22,https://pixers.es/fotomurales/lulo-13873634,55,55,FALSE,53,348,53,
54,Perejil,Qpsssjlipamfuqod,9,https://www.mexicampo.com.mx/michoacan-primer-lugar-nacional-en-produccion-de-fresa/,99,99,FALSE,54,347,54,
55,Tomate,Cxfqcahbakbykvoj,71,https://pixers.es/fotomurales/lulo-13873635,78,78,TRUE,55,346,55,
56,manzana,Lptglkpqwzvmenn,29,https://www.mexicampo.com.mx/michoacan-primer-lugar-nacional-en-produccion-de-fresa/,98,98,FALSE,56,345,56,
57,manzana,Yjvyaubstylsndcdhdc,2,https://pixers.es/fotomurales/lulo-13873636,72,72,TRUE,57,344,57,
58,Tomate,Dupjbwlgpukk,15,https://www.mexicampo.com.mx/michoacan-primer-lugar-nacional-en-produccion-de-fresa/,61,61,FALSE,58,343,58,
59,manzana,Qcxoxcwjtreaddawvgnxl,23,https://pixers.es/fotomurales/lulo-13873637,98,98,TRUE,59,342,59,
60,Banano,Bgwcllowtdrngrakvhd,30,https://www.mexicampo.com.mx/michoacan-primer-lugar-nacional-en-produccion-de-fresa/,75,75,FALSE,60,341,60,
61,Banano,Qvtagzkpijjnaeedjaeay,47,https://pixers.es/fotomurales/lulo-13873638,20,20,FALSE,61,340,61,
62,cebolla,Envdaiuflxawxb,86,https://www.mexicampo.com.mx/michoacan-primer-lugar-nacional-en-produccion-de-fresa/,23,23,FALSE,62,339,62,
63,Fresa,Kgjvgoohwunuhxiuasmd,93,https://pixers.es/fotomurales/lulo-13873639,57,57,TRUE,63,338,63,
64,Fresa,Uowznjdckmvgotntm,61,https://www.mexicampo.com.mx/michoacan-primer-lugar-nacional-en-produccion-de-fresa/,29,29,FALSE,64,337,64,
65,Perejil,Amxqrgzpphpfqdwoqs,29,https://pixers.es/fotomurales/lulo-13873640,21,21,FALSE,65,336,65,
66,Banano,Wiyqpjblahkptd,41,https://www.mexicampo.com.mx/michoacan-primer-lugar-nacional-en-produccion-de-fresa/,40,40,FALSE,66,335,66,
67,Banano,Ftqfjpyeomcbxh,43,https://pixers.es/fotomurales/lulo-13873641,70,70,TRUE,67,334,67,
68,Fresa,Gtckwrwxhveiykxnvz,74,https://www.mexicampo.com.mx/michoacan-primer-lugar-nacional-en-produccion-de-fresa/,56,56,FALSE,68,333,68,
69,Fresa,Lbrvfhcyqbw,47,https://pixers.es/fotomurales/lulo-13873642,3,3,TRUE,69,332,69,
70,Perejil,Wieexacqpygz,49,https://www.mexicampo.com.mx/michoacan-primer-lugar-nacional-en-produccion-de-fresa/,90,90,TRUE,70,331,70,
71,cebolla,Rsgzwztmqfd,24,https://pixers.es/fotomurales/lulo-13873643,99,99,FALSE,71,330,71,
72,Tomate,Vvieuvomzwfvodmx,56,https://www.mexicampo.com.mx/michoacan-primer-lugar-nacional-en-produccion-de-fresa/,44,44,FALSE,72,329,72,
73,manzana,Mjyjxczpivw,91,https://pixers.es/fotomurales/lulo-13873644,98,98,TRUE,73,328,73,
74,Banano,Dqdywhymqxqhauvzyl,22,https://www.mexicampo.com.mx/michoacan-primer-lugar-nacional-en-produccion-de-fresa/,17,17,FALSE,74,327,74,
75,Fresa,Lmiqvhewzpogyr,85,https://pixers.es/fotomurales/lulo-13873645,59,59,FALSE,75,326,75,
76,manzana,Yeevwjwyzydlovstajuh,62,https://www.mexicampo.com.mx/michoacan-primer-lugar-nacional-en-produccion-de-fresa/,42,42,FALSE,76,325,76,
77,Perejil,Dymhywrixpoj,66,https://pixers.es/fotomurales/lulo-13873646,36,36,FALSE,77,324,77,
78,cebolla,Kjbwcphhdkwywhmezuv,94,https://www.mexicampo.com.mx/michoacan-primer-lugar-nacional-en-produccion-de-fresa/,44,44,FALSE,78,323,78,
79,Fresa,Egibephkrqskggsxfejrc,40,https://pixers.es/fotomurales/lulo-13873647,92,92,TRUE,79,322,79,
80,Perejil,Iukwayzbzvjtajujggvud,92,https://www.mexicampo.com.mx/michoacan-primer-lugar-nacional-en-produccion-de-fresa/,79,79,TRUE,80,321,80,
81,cebolla,Zzqwxeyofzdilwal,50,https://pixers.es/fotomurales/lulo-13873648,97,97,FALSE,81,320,81,
82,Perejil,Zadoqrqnvpoe,35,https://www.mexicampo.com.mx/michoacan-primer-lugar-nacional-en-produccion-de-fresa/,88,88,TRUE,82,319,82,
83,Fresa,Ikjcsydxhhmxpcdp,14,https://pixers.es/fotomurales/lulo-13873649,92,92,TRUE,83,318,83,
84,cebolla,Oqvycgwdpegr,10,https://www.mexicampo.com.mx/michoacan-primer-lugar-nacional-en-produccion-de-fresa/,89,89,TRUE,84,317,84,
85,Fresa,Gtlrwpjnughbljs,42,https://pixers.es/fotomurales/lulo-13873650,42,42,FALSE,85,316,85,
86,manzana,Hgoivcpwepb,93,https://www.mexicampo.com.mx/michoacan-primer-lugar-nacional-en-produccion-de-fresa/,43,43,TRUE,86,315,86,
87,Banano,Nlrueyxuqgvnnccxgrmw,47,https://pixers.es/fotomurales/lulo-13873651,6,6,FALSE,87,314,87,
88,Perejil,Ddoewwvgsuuuwujcia,98,https://www.mexicampo.com.mx/michoacan-primer-lugar-nacional-en-produccion-de-fresa/,25,25,TRUE,88,313,88,
89,Perejil,Ydumhgucrje,68,https://pixers.es/fotomurales/lulo-13873652,75,75,TRUE,89,312,89,
90,Perejil,Soldtvmdxtci,43,https://www.mexicampo.com.mx/michoacan-primer-lugar-nacional-en-produccion-de-fresa/,37,37,TRUE,90,311,90,
91,Banano,Ezkaaapyprsuroohwmrl,75,https://pixers.es/fotomurales/lulo-13873653,8,8,FALSE,91,310,91,
92,Fresa,Odmsatvuqdoboe,88,https://www.mexicampo.com.mx/michoacan-primer-lugar-nacional-en-produccion-de-fresa/,90,90,TRUE,92,309,92,
93,Banano,Jkvfabhnetlhtmk,79,https://pixers.es/fotomurales/lulo-13873654,93,93,FALSE,93,308,93,
94,manzana,Rvflhfwnebykxcwteb,63,https://www.mexicampo.com.mx/michoacan-primer-lugar-nacional-en-produccion-de-fresa/,54,54,TRUE,94,307,94,
95,Banano,Faefzrqbbaaosjawrk,20,https://pixers.es/fotomurales/lulo-13873655,11,11,TRUE,95,306,95,
96,Fresa,Sirljqlfuzm,57,https://www.mexicampo.com.mx/michoacan-primer-lugar-nacional-en-produccion-de-fresa/,63,63,FALSE,96,305,96,
97,Tomate,Anzvbxvqacbcgpt,36,https://pixers.es/fotomurales/lulo-13873656,21,21,TRUE,97,304,97,
98,manzana,Xpqwimrhcoknwayrcybt,67,https://www.mexicampo.com.mx/michoacan-primer-lugar-nacional-en-produccion-de-fresa/,17,17,TRUE,98,303,98,
99,Perejil,Kjhlajxlfcuenqskraa,73,https://pixers.es/fotomurales/lulo-13873657,51,51,TRUE,99,302,99,
100,Tomate,Nvpohmfkyxfvjrnclb,51,https://www.mexicampo.com.mx/michoacan-primer-lugar-nacional-en-produccion-de-fresa/,76,76,FALSE,100,301,100,
101,Perejil,Eimkmnodnlbsih,7,https://pixers.es/fotomurales/lulo-13873658,37,37,TRUE,101,300,101,
102,Banano,Loxikzcytjawsyzzpj,71,https://www.mexicampo.com.mx/michoacan-primer-lugar-nacional-en-produccion-de-fresa/,80,80,FALSE,102,299,102,
103,Fresa,Hkrbwwxnrgznbda,41,https://pixers.es/fotomurales/lulo-13873659,50,50,FALSE,103,298,103,
104,manzana,Qigwsrmyfir,90,https://www.mexicampo.com.mx/michoacan-primer-lugar-nacional-en-produccion-de-fresa/,35,35,TRUE,104,297,104,
105,Perejil,Pexjogrtgiiuy,94,https://pixers.es/fotomurales/lulo-13873660,89,89,TRUE,105,296,105,
106,manzana,Rtzwifhtknvumcxat,48,https://www.mexicampo.com.mx/michoacan-primer-lugar-nacional-en-produccion-de-fresa/,25,25,FALSE,106,295,106,
107,Tomate,Pkpasvxqwtlexovy,5,https://pixers.es/fotomurales/lulo-13873661,68,68,FALSE,107,294,107,
108,manzana,Qtcqdhkfdposm,6,https://www.mexicampo.com.mx/michoacan-primer-lugar-nacional-en-produccion-de-fresa/,26,26,TRUE,108,293,108,
109,manzana,Nxkfblmnsrtz,89,https://pixers.es/fotomurales/lulo-13873662,26,26,TRUE,109,292,109,
110,Banano,Favedizsdhx,46,https://www.mexicampo.com.mx/michoacan-primer-lugar-nacional-en-produccion-de-fresa/,89,89,TRUE,110,291,110,
111,manzana,Tymsnbvmijxmstxm,94,https://pixers.es/fotomurales/lulo-13873663,92,92,FALSE,111,290,111,
112,cebolla,Paluqcjwimhhlddllz,32,https://www.mexicampo.com.mx/michoacan-primer-lugar-nacional-en-produccion-de-fresa/,96,96,FALSE,112,289,112,
113,cebolla,Zlwmkwaxztvhnkfyfncd,32,https://pixers.es/fotomurales/lulo-13873664,75,75,FALSE,113,288,113,
114,Tomate,Qrvzdlmkpyceazxxhxywb,76,https://www.mexicampo.com.mx/michoacan-primer-lugar-nacional-en-produccion-de-fresa/,14,14,TRUE,114,287,114,
115,manzana,Cetirgcjbcnknrvmhdi,6,https://pixers.es/fotomurales/lulo-13873665,29,29,TRUE,115,286,115,
116,cebolla,Vkvkoxigdymxwmmqt,24,https://www.mexicampo.com.mx/michoacan-primer-lugar-nacional-en-produccion-de-fresa/,53,53,FALSE,116,285,116,
117,Perejil,Obwseuovwkqct,42,https://pixers.es/fotomurales/lulo-13873666,9,9,TRUE,117,284,117,
118,manzana,Wjddmnipwdfmoftobssj,70,https://www.mexicampo.com.mx/michoacan-primer-lugar-nacional-en-produccion-de-fresa/,62,62,FALSE,118,283,118,
119,Banano,Slccjfyojuwqdrejdifds,16,https://pixers.es/fotomurales/lulo-13873667,33,33,TRUE,119,282,119,
120,Fresa,Hwpswcbakzqm,34,https://www.mexicampo.com.mx/michoacan-primer-lugar-nacional-en-produccion-de-fresa/,44,44,TRUE,120,281,120,
121,Perejil,Cxeceamrodhlxknljfhe,50,https://pixers.es/fotomurales/lulo-13873668,54,54,TRUE,121,280,121,
122,cebolla,Scogociszdv,63,https://www.mexicampo.com.mx/michoacan-primer-lugar-nacional-en-produccion-de-fresa/,66,66,FALSE,122,279,122,
123,cebolla,Hulflkadnldcjjdtl,97,https://pixers.es/fotomurales/lulo-13873669,46,46,TRUE,123,278,123,
124,manzana,Gvhqodzptbxue,51,https://www.mexicampo.com.mx/michoacan-primer-lugar-nacional-en-produccion-de-fresa/,63,63,TRUE,124,277,124,
125,Fresa,Aqxsuujwaygkk,26,https://pixers.es/fotomurales/lulo-13873670,98,98,FALSE,125,276,125,
126,cebolla,Qmjctnlgfsin,1,https://www.mexicampo.com.mx/michoacan-primer-lugar-nacional-en-produccion-de-fresa/,42,42,FALSE,126,275,126,
127,Banano,Nirwzbwlccjdsju,82,https://pixers.es/fotomurales/lulo-13873671,46,46,TRUE,127,274,127,
128,cebolla,Bawxmmcialwbjstdwcjj,47,https://www.mexicampo.com.mx/michoacan-primer-lugar-nacional-en-produccion-de-fresa/,74,74,FALSE,128,273,128,
129,manzana,Lbinfgarbofjsqq,57,https://pixers.es/fotomurales/lulo-13873672,69,69,TRUE,129,272,129,
130,Tomate,Ckhnitwjhpblirc,39,https://www.mexicampo.com.mx/michoacan-primer-lugar-nacional-en-produccion-de-fresa/,35,35,TRUE,130,271,130,
131,Tomate,Kvmqotfrebctum,15,https://pixers.es/fotomurales/lulo-13873673,11,11,TRUE,131,270,131,
132,Banano,Filtroydzuwqerygc,93,https://www.mexicampo.com.mx/michoacan-primer-lugar-nacional-en-produccion-de-fresa/,41,41,TRUE,132,269,132,
133,Banano,Xmppdovblrtubd,85,https://pixers.es/fotomurales/lulo-13873674,86,86,TRUE,133,268,133,
134,manzana,Achbyeqaezk,10,https://www.mexicampo.com.mx/michoacan-primer-lugar-nacional-en-produccion-de-fresa/,42,42,FALSE,134,267,134,
135,Fresa,Bhadvpoujajwa,77,https://pixers.es/fotomurales/lulo-13873675,69,69,FALSE,135,266,135,
136,Tomate,Bmmwiwlnbqaatzfdjaqe,11,https://www.mexicampo.com.mx/michoacan-primer-lugar-nacional-en-produccion-de-fresa/,58,58,TRUE,136,265,136,
137,Perejil,Cmhqpinxoinwlxlcrw,42,https://pixers.es/fotomurales/lulo-13873676,10,10,TRUE,137,264,137,
138,Fresa,Guvrtocupjtlttxvpbjf,99,https://www.mexicampo.com.mx/michoacan-primer-lugar-nacional-en-produccion-de-fresa/,8,8,TRUE,138,263,138,
139,cebolla,Hvtjnldkqowvlwidhorq,62,https://pixers.es/fotomurales/lulo-13873677,8,8,TRUE,139,262,139,
140,Tomate,Uozlcmtupwua,51,https://www.mexicampo.com.mx/michoacan-primer-lugar-nacional-en-produccion-de-fresa/,22,22,TRUE,140,261,140,
141,Tomate,Bnehpradawdmbqh,24,https://pixers.es/fotomurales/lulo-13873678,72,72,TRUE,141,260,141,
142,Fresa,Cnktiignccl,24,https://www.mexicampo.com.mx/michoacan-primer-lugar-nacional-en-produccion-de-fresa/,42,42,FALSE,142,259,142,
143,Banano,Llaaoepamqwyu,1,https://pixers.es/fotomurales/lulo-13873679,60,60,FALSE,143,258,143,
144,manzana,Byaeoklqakrmofoofubsz,31,https://www.mexicampo.com.mx/michoacan-primer-lugar-nacional-en-produccion-de-fresa/,42,42,TRUE,144,257,144,
145,Tomate,Azeqhqqtkerjtwcent,46,https://pixers.es/fotomurales/lulo-13873680,4,4,TRUE,145,256,145,
146,manzana,Bnwefmolxmbpxbe,79,https://www.mexicampo.com.mx/michoacan-primer-lugar-nacional-en-produccion-de-fresa/,70,70,FALSE,146,255,146,
147,Fresa,Bpjjdngdvnf,42,https://pixers.es/fotomurales/lulo-13873681,71,71,TRUE,147,254,147,
148,cebolla,Zfouyjkrytcvwzrdtj,99,https://www.mexicampo.com.mx/michoacan-primer-lugar-nacional-en-produccion-de-fresa/,53,53,TRUE,148,253,148,
149,manzana,Fwxkvbveesfpadqdk,18,https://pixers.es/fotomurales/lulo-13873682,15,15,FALSE,149,252,149,
150,Tomate,Rwktbpojvfzrtubh,68,https://www.mexicampo.com.mx/michoacan-primer-lugar-nacional-en-produccion-de-fresa/,42,42,FALSE,150,251,150,
151,manzana,Nglskueattjmsaovyukk,33,https://pixers.es/fotomurales/lulo-13873683,72,72,FALSE,151,250,151,
152,Fresa,Qzruxhjucvqmuqh,8,https://www.mexicampo.com.mx/michoacan-primer-lugar-nacional-en-produccion-de-fresa/,69,69,TRUE,152,249,152,
153,Banano,Vznrjvmwptw,91,https://pixers.es/fotomurales/lulo-13873684,33,33,TRUE,153,248,153,
154,Tomate,Kdhdywgizsajs,33,https://www.mexicampo.com.mx/michoacan-primer-lugar-nacional-en-produccion-de-fresa/,16,16,TRUE,154,247,154,
155,Tomate,Xcqeuztjedgbfhrzdam,77,https://pixers.es/fotomurales/lulo-13873685,53,53,TRUE,155,246,155,
156,Tomate,Ivtmtggojxpokxzzpcv,14,https://www.mexicampo.com.mx/michoacan-primer-lugar-nacional-en-produccion-de-fresa/,63,63,TRUE,156,245,156,
157,manzana,Xfdhvqhbeoryz,81,https://pixers.es/fotomurales/lulo-13873686,40,40,TRUE,157,244,157,
158,Tomate,Clutntvbhtuaq,24,https://www.mexicampo.com.mx/michoacan-primer-lugar-nacional-en-produccion-de-fresa/,49,49,FALSE,158,243,158,
159,Banano,Tuvfjtuqtykczlxukkmn,25,https://pixers.es/fotomurales/lulo-13873687,93,93,TRUE,159,242,159,
160,cebolla,Iadcofuraazhca,20,https://www.mexicampo.com.mx/michoacan-primer-lugar-nacional-en-produccion-de-fresa/,47,47,TRUE,160,241,160,
161,manzana,Bobuaccxltfp,74,https://pixers.es/fotomurales/lulo-13873688,68,68,FALSE,161,240,161,
162,Banano,Lgwqvyqlnjwkzcvs,96,https://www.mexicampo.com.mx/michoacan-primer-lugar-nacional-en-produccion-de-fresa/,2,2,FALSE,162,239,162,
163,Tomate,Dgbtyllkbuvdkkhzyow,27,https://pixers.es/fotomurales/lulo-13873689,67,67,TRUE,163,238,163,
164,Perejil,Qhpmkfgwwiasj,23,https://www.mexicampo.com.mx/michoacan-primer-lugar-nacional-en-produccion-de-fresa/,70,70,FALSE,164,237,164,
165,cebolla,Zkxnjyexqbre,25,https://pixers.es/fotomurales/lulo-13873690,35,35,TRUE,165,236,165,
166,Tomate,Qpdecppchqzdccykwpji,68,https://www.mexicampo.com.mx/michoacan-primer-lugar-nacional-en-produccion-de-fresa/,97,97,FALSE,166,235,166,
167,Perejil,Nhmfytreydb,71,https://pixers.es/fotomurales/lulo-13873691,31,31,TRUE,167,234,167,
168,manzana,Pxpjdoiasaqvrikrjjqas,26,https://www.mexicampo.com.mx/michoacan-primer-lugar-nacional-en-produccion-de-fresa/,71,71,TRUE,168,233,168,
169,Tomate,Vicrsuysavfzrooifliwy,67,https://pixers.es/fotomurales/lulo-13873692,63,63,TRUE,169,232,169,
170,Tomate,Xmhawsarnuiunf,76,https://www.mexicampo.com.mx/michoacan-primer-lugar-nacional-en-produccion-de-fresa/,3,3,FALSE,170,231,170,
171,Banano,Yspmmlmclnuk,9,https://pixers.es/fotomurales/lulo-13873693,19,19,TRUE,171,230,171,
172,Banano,Ibysthwdypbhbgenbc,26,https://www.mexicampo.com.mx/michoacan-primer-lugar-nacional-en-produccion-de-fresa/,45,45,FALSE,172,229,172,
173,Perejil,Bfkthennjbwuumioqgu,84,https://pixers.es/fotomurales/lulo-13873694,4,4,FALSE,173,228,173,
174,manzana,Eoutjpmyzkchidjnh,57,https://www.mexicampo.com.mx/michoacan-primer-lugar-nacional-en-produccion-de-fresa/,51,51,TRUE,174,227,174,
175,cebolla,Lvurovvcwnwx,5,https://pixers.es/fotomurales/lulo-13873695,55,55,FALSE,175,226,175,
176,cebolla,Eacmuasmpvosjpkmft,95,https://www.mexicampo.com.mx/michoacan-primer-lugar-nacional-en-produccion-de-fresa/,43,43,TRUE,176,225,176,
177,cebolla,Kfsrkfvwhhecdjzhp,29,https://pixers.es/fotomurales/lulo-13873696,66,66,TRUE,177,224,177,
178,manzana,Lhjckqynecguinsnsb,99,https://www.mexicampo.com.mx/michoacan-primer-lugar-nacional-en-produccion-de-fresa/,1,1,FALSE,178,223,178,
179,Fresa,Epbezngtyjoefskqsj,73,https://pixers.es/fotomurales/lulo-13873697,2,2,TRUE,179,222,179,
180,Tomate,Epnajkdbcuacbggq,95,https://www.mexicampo.com.mx/michoacan-primer-lugar-nacional-en-produccion-de-fresa/,31,31,TRUE,180,221,180,
181,Banano,Asoqdnmldfdvtfygwmtr,96,https://pixers.es/fotomurales/lulo-13873698,47,47,TRUE,181,220,181,
182,Perejil,Jmkalotnuwiiy,49,https://www.mexicampo.com.mx/michoacan-primer-lugar-nacional-en-produccion-de-fresa/,56,56,TRUE,182,219,182,
183,cebolla,Kqbhkebpyvtyfc,71,https://pixers.es/fotomurales/lulo-13873699,4,4,TRUE,183,218,183,
184,cebolla,Mrfxvqlunwqbdfkszu,19,https://www.mexicampo.com.mx/michoacan-primer-lugar-nacional-en-produccion-de-fresa/,77,77,TRUE,184,217,184,
185,manzana,Iejunfgfvqi,100,https://pixers.es/fotomurales/lulo-13873700,10,10,FALSE,185,216,185,
186,Tomate,Zorikndzddsxfihq,71,https://www.mexicampo.com.mx/michoacan-primer-lugar-nacional-en-produccion-de-fresa/,73,73,FALSE,186,215,186,
187,manzana,Nooenrxvsynlulgajsew,83,https://pixers.es/fotomurales/lulo-13873701,95,95,FALSE,187,214,187,
188,Tomate,Bolgtyburfwfgfcsogo,30,https://www.mexicampo.com.mx/michoacan-primer-lugar-nacional-en-produccion-de-fresa/,98,98,FALSE,188,213,188,
189,Perejil,Ljadlpylvfckrrxbkinv,24,https://pixers.es/fotomurales/lulo-13873702,81,81,TRUE,189,212,189,
190,Fresa,Acuzpwmblvcus,21,https://www.mexicampo.com.mx/michoacan-primer-lugar-nacional-en-produccion-de-fresa/,32,32,FALSE,190,211,190,
191,Banano,Gkyxoqexpumtbszgt,45,https://pixers.es/fotomurales/lulo-13873703,2,2,FALSE,191,210,191,
192,Perejil,Iokeytswsevmfx,92,https://www.mexicampo.com.mx/michoacan-primer-lugar-nacional-en-produccion-de-fresa/,77,77,TRUE,192,209,192,
193,Perejil,Mrpibabluqazroohdaa,43,https://pixers.es/fotomurales/lulo-13873704,36,36,FALSE,193,208,193,
194,Tomate,Ddsgfuwrksxyuv,23,https://www.mexicampo.com.mx/michoacan-primer-lugar-nacional-en-produccion-de-fresa/,13,13,TRUE,194,207,194,
195,Banano,Guhuazgzeuslgwdg,44,https://pixers.es/fotomurales/lulo-13873705,89,89,FALSE,195,206,195,
196,cebolla,Xdjgnldmgjkixafbjrivd,72,https://www.mexicampo.com.mx/michoacan-primer-lugar-nacional-en-produccion-de-fresa/,100,100,FALSE,196,205,196,
197,Perejil,Dclkevuzvuqsba,51,https://pixers.es/fotomurales/lulo-13873706,38,38,FALSE,197,204,197,
198,Fresa,Lczqtkdhsrmyphelfs,93,https://www.mexicampo.com.mx/michoacan-primer-lugar-nacional-en-produccion-de-fresa/,16,16,FALSE,198,203,198,
199,Fresa,Wrrtuncboqsxbkw,30,https://pixers.es/fotomurales/lulo-13873707,77,77,FALSE,199,202,199,
200,Fresa,Pdmipfvnurjib,34,https://www.mexicampo.com.mx/michoacan-primer-lugar-nacional-en-produccion-de-fresa/,48,48,TRUE,200,201,200,
201,Fresa,Ugmpgnrsndtnodja,68,https://pixers.es/fotomurales/lulo-13873708,93,93,TRUE,201,200,201,
202,Perejil,Fstorzcrwmd,83,https://www.mexicampo.com.mx/michoacan-primer-lugar-nacional-en-produccion-de-fresa/,9,9,FALSE,202,199,202,
203,manzana,Tbcvidgcvoxhupdk,89,https://pixers.es/fotomurales/lulo-13873709,78,78,FALSE,203,198,203,
204,Banano,Gdxzhnmmusotkzzbqu,83,https://www.mexicampo.com.mx/michoacan-primer-lugar-nacional-en-produccion-de-fresa/,22,22,TRUE,204,197,204,
205,Banano,Jfxpuwzoilhcuzrxxj,37,https://pixers.es/fotomurales/lulo-13873710,14,14,TRUE,205,196,205,
206,cebolla,Kzobskuzxkh,11,https://www.mexicampo.com.mx/michoacan-primer-lugar-nacional-en-produccion-de-fresa/,23,23,FALSE,206,195,206,
207,Fresa,Drogovphvrjmtgnujos,89,https://pixers.es/fotomurales/lulo-13873711,22,22,TRUE,207,194,207,
208,manzana,Ldihrympfbs,37,https://www.mexicampo.com.mx/michoacan-primer-lugar-nacional-en-produccion-de-fresa/,77,77,TRUE,208,193,208,
209,cebolla,Kwkqwpdjmkcqzejspkwk,23,https://pixers.es/fotomurales/lulo-13873712,64,64,FALSE,209,192,209,
210,Banano,Nrjuigumtwcqkpsoac,55,https://www.mexicampo.com.mx/michoacan-primer-lugar-nacional-en-produccion-de-fresa/,20,20,TRUE,210,191,210,
211,manzana,Eejiegfviocpnkutjg,64,https://pixers.es/fotomurales/lulo-13873713,56,56,FALSE,211,190,211,
212,Banano,Ssaumrynfuukfsekyimuo,54,https://www.mexicampo.com.mx/michoacan-primer-lugar-nacional-en-produccion-de-fresa/,72,72,FALSE,212,189,212,
213,Perejil,Cuiltorafmsfmyujc,76,https://pixers.es/fotomurales/lulo-13873714,62,62,FALSE,213,188,213,
214,cebolla,Ioninazuqnhrwbmjeuxal,49,https://www.mexicampo.com.mx/michoacan-primer-lugar-nacional-en-produccion-de-fresa/,57,57,FALSE,214,187,214,
215,Perejil,Eegkhzzbrkbrmijtkrkrj,86,https://pixers.es/fotomurales/lulo-13873715,43,43,TRUE,215,186,215,
216,manzana,Ysfozdkrrdoqcfm,59,https://www.mexicampo.com.mx/michoacan-primer-lugar-nacional-en-produccion-de-fresa/,21,21,TRUE,216,185,216,
217,Fresa,Mgwobdatjodjcojdflbgi,91,https://pixers.es/fotomurales/lulo-13873716,25,25,FALSE,217,184,217,
218,Banano,Tyyyadxqrsjj,98,https://www.mexicampo.com.mx/michoacan-primer-lugar-nacional-en-produccion-de-fresa/,21,21,TRUE,218,183,218,
219,cebolla,Qxifmbsqbgxbcq,85,https://pixers.es/fotomurales/lulo-13873717,21,21,TRUE,219,182,219,
220,Banano,Xomqmawutaeuh,99,https://www.mexicampo.com.mx/michoacan-primer-lugar-nacional-en-produccion-de-fresa/,46,46,FALSE,220,181,220,
221,Fresa,Ingrrosyoyikojuzbvs,12,https://pixers.es/fotomurales/lulo-13873718,72,72,TRUE,221,180,221,
222,Tomate,Lbpxybpdzrejpi,48,https://www.mexicampo.com.mx/michoacan-primer-lugar-nacional-en-produccion-de-fresa/,83,83,TRUE,222,179,222,
223,Fresa,Oykkfvvwskwejjbvk,20,https://pixers.es/fotomurales/lulo-13873719,98,98,TRUE,223,178,223,
224,Fresa,Szyvefnzcnvqpkpoq,36,https://www.mexicampo.com.mx/michoacan-primer-lugar-nacional-en-produccion-de-fresa/,98,98,TRUE,224,177,224,
225,Banano,Mjemyvkjrsbj,25,https://pixers.es/fotomurales/lulo-13873720,71,71,FALSE,225,176,225,
226,Banano,Qmdvwefgpfqhdh,73,https://www.mexicampo.com.mx/michoacan-primer-lugar-nacional-en-produccion-de-fresa/,54,54,TRUE,226,175,226,
227,Banano,Zvzoekrgfeordykq,12,https://pixers.es/fotomurales/lulo-13873721,43,43,FALSE,227,174,227,
228,manzana,Wlzipcmqdmtmjqfd,55,https://www.mexicampo.com.mx/michoacan-primer-lugar-nacional-en-produccion-de-fresa/,12,12,TRUE,228,173,228,
229,Fresa,Ispklevwyhsujvqqv,43,https://pixers.es/fotomurales/lulo-13873722,21,21,TRUE,229,172,229,
230,Fresa,Vyqwgnbsesil,78,https://www.mexicampo.com.mx/michoacan-primer-lugar-nacional-en-produccion-de-fresa/,69,69,FALSE,230,171,230,
231,cebolla,Phmjrgkvqoa,42,https://pixers.es/fotomurales/lulo-13873723,3,3,TRUE,231,170,231,
232,Tomate,Nbbiitesjpcyxztyw,6,https://www.mexicampo.com.mx/michoacan-primer-lugar-nacional-en-produccion-de-fresa/,21,21,FALSE,232,169,232,
233,cebolla,Dxegmxdsllw,32,https://pixers.es/fotomurales/lulo-13873724,75,75,FALSE,233,168,233,
234,Fresa,Dfhrvaphwfat,54,https://www.mexicampo.com.mx/michoacan-primer-lugar-nacional-en-produccion-de-fresa/,45,45,TRUE,234,167,234,
235,Tomate,Rozdxvbzcwiivfnixw,53,https://pixers.es/fotomurales/lulo-13873725,57,57,FALSE,235,166,235,
236,Perejil,Amhwmmlguyye,88,https://www.mexicampo.com.mx/michoacan-primer-lugar-nacional-en-produccion-de-fresa/,29,29,TRUE,236,165,236,
237,cebolla,Lkdqktfhgycy,23,https://pixers.es/fotomurales/lulo-13873726,48,48,FALSE,237,164,237,
238,cebolla,Gfjvrlmuqubwntehicoqh,77,https://www.mexicampo.com.mx/michoacan-primer-lugar-nacional-en-produccion-de-fresa/,44,44,TRUE,238,163,238,
239,manzana,Hcbbauedkbjlxdsvkddis,22,https://pixers.es/fotomurales/lulo-13873727,52,52,TRUE,239,162,239,
240,cebolla,Zdvwyjdfhutwgrkwyru,9,https://www.mexicampo.com.mx/michoacan-primer-lugar-nacional-en-produccion-de-fresa/,50,50,TRUE,240,161,240,
241,cebolla,Uiwnmydfoonrskrgadu,67,https://pixers.es/fotomurales/lulo-13873728,60,60,TRUE,241,160,241,
242,Banano,Dofmbmflmewo,37,https://www.mexicampo.com.mx/michoacan-primer-lugar-nacional-en-produccion-de-fresa/,33,33,TRUE,242,159,242,
243,Fresa,Bgapedpmmqm,32,https://pixers.es/fotomurales/lulo-13873729,16,16,FALSE,243,158,243,
244,Fresa,Oqcnfwyvlmiqthqvkgear,37,https://www.mexicampo.com.mx/michoacan-primer-lugar-nacional-en-produccion-de-fresa/,33,33,FALSE,244,157,244,
245,Perejil,Ffgktfsnpxww,3,https://pixers.es/fotomurales/lulo-13873730,91,91,FALSE,245,156,245,
246,Banano,Wjcpkajgjibwgidk,15,https://www.mexicampo.com.mx/michoacan-primer-lugar-nacional-en-produccion-de-fresa/,69,69,TRUE,246,155,246,
247,cebolla,Sarhqkqfmyqfyyxqdrz,97,https://pixers.es/fotomurales/lulo-13873731,46,46,FALSE,247,154,247,
248,cebolla,Rhoeqfmzxqaqxkrusabe,74,https://www.mexicampo.com.mx/michoacan-primer-lugar-nacional-en-produccion-de-fresa/,54,54,TRUE,248,153,248,
249,manzana,Qjotpynwydoii,15,https://pixers.es/fotomurales/lulo-13873732,66,66,FALSE,249,152,249,
250,Tomate,Zkvoleutvqegfj,85,https://www.mexicampo.com.mx/michoacan-primer-lugar-nacional-en-produccion-de-fresa/,72,72,TRUE,250,151,250,
251,Fresa,Hyystzkuaglqoatmoqqvu,55,https://pixers.es/fotomurales/lulo-13873733,41,41,TRUE,251,150,251,
252,cebolla,Xleusubfudnjq,4,https://www.mexicampo.com.mx/michoacan-primer-lugar-nacional-en-produccion-de-fresa/,93,93,TRUE,252,149,252,
253,cebolla,Alkpcbpjowzwncjvxoagr,23,https://pixers.es/fotomurales/lulo-13873734,20,20,TRUE,253,148,253,
254,manzana,Jqfqaxkxtnej,8,https://www.mexicampo.com.mx/michoacan-primer-lugar-nacional-en-produccion-de-fresa/,81,81,FALSE,254,147,254,
255,cebolla,Pvfwxtlhrspoezwgpne,32,https://pixers.es/fotomurales/lulo-13873735,35,35,TRUE,255,146,255,
256,Perejil,Ljmeaaufrsbnjky,98,https://www.mexicampo.com.mx/michoacan-primer-lugar-nacional-en-produccion-de-fresa/,28,28,FALSE,256,145,256,
257,Tomate,Qfhvbeymjzzyeyfpygj,6,https://pixers.es/fotomurales/lulo-13873736,30,30,TRUE,257,144,257,
258,Banano,Spiezxkdvuh,91,https://www.mexicampo.com.mx/michoacan-primer-lugar-nacional-en-produccion-de-fresa/,96,96,FALSE,258,143,258,
259,Fresa,Txavyroxtgikje,98,https://pixers.es/fotomurales/lulo-13873737,97,97,TRUE,259,142,259,
260,Tomate,Bsmziunrowfjhe,62,https://www.mexicampo.com.mx/michoacan-primer-lugar-nacional-en-produccion-de-fresa/,38,38,TRUE,260,141,260,
261,Banano,Wbbpqxoveamz,44,https://pixers.es/fotomurales/lulo-13873738,83,83,FALSE,261,140,261,
262,Perejil,Hljvziufqfm,5,https://www.mexicampo.com.mx/michoacan-primer-lugar-nacional-en-produccion-de-fresa/,100,100,TRUE,262,139,262,
263,manzana,Gbjgblwntyyrp,98,https://pixers.es/fotomurales/lulo-13873739,3,3,FALSE,263,138,263,
264,Fresa,Uuruglbljjkbdtr,16,https://www.mexicampo.com.mx/michoacan-primer-lugar-nacional-en-produccion-de-fresa/,38,38,FALSE,264,137,264,
265,Tomate,Tomdzaljthoxpp,28,https://pixers.es/fotomurales/lulo-13873740,26,26,FALSE,265,136,265,
266,Banano,Wisjekzokjnmsntx,57,https://www.mexicampo.com.mx/michoacan-primer-lugar-nacional-en-produccion-de-fresa/,92,92,FALSE,266,135,266,
267,cebolla,Tnhnowljkhuebc,4,https://pixers.es/fotomurales/lulo-13873741,42,42,FALSE,267,134,267,
268,Perejil,Nkfvuaocjxouc,2,https://www.mexicampo.com.mx/michoacan-primer-lugar-nacional-en-produccion-de-fresa/,29,29,TRUE,268,133,268,
269,Perejil,Fbknjimrbztnofnamw,16,https://pixers.es/fotomurales/lulo-13873742,60,60,FALSE,269,132,269,
270,Banano,Blscsihoixqnalkyehgh,18,https://www.mexicampo.com.mx/michoacan-primer-lugar-nacional-en-produccion-de-fresa/,4,4,FALSE,270,131,270,
271,manzana,Ruhtldypqgea,17,https://pixers.es/fotomurales/lulo-13873743,51,51,TRUE,271,130,271,
272,manzana,Dbvkztytwbgykigvq,32,https://www.mexicampo.com.mx/michoacan-primer-lugar-nacional-en-produccion-de-fresa/,48,48,FALSE,272,129,272,
273,Perejil,Vflzaiugcdbsyid,77,https://pixers.es/fotomurales/lulo-13873744,42,42,FALSE,273,128,273,
274,Perejil,Zoszoskruodqztlmebq,26,https://www.mexicampo.com.mx/michoacan-primer-lugar-nacional-en-produccion-de-fresa/,76,76,FALSE,274,127,274,
275,manzana,Wwnfokxlryerqymvzmhnl,73,https://pixers.es/fotomurales/lulo-13873745,29,29,TRUE,275,126,275,
276,cebolla,Lkwiumsbofsgvv,56,https://www.mexicampo.com.mx/michoacan-primer-lugar-nacional-en-produccion-de-fresa/,68,68,TRUE,276,125,276,
277,Tomate,Ixmctwmotdrkpu,29,https://pixers.es/fotomurales/lulo-13873746,84,84,TRUE,277,124,277,
278,manzana,Yzthmtaumbluuo,19,https://www.mexicampo.com.mx/michoacan-primer-lugar-nacional-en-produccion-de-fresa/,59,59,TRUE,278,123,278,
279,Fresa,Sikthnoegxcy,18,https://pixers.es/fotomurales/lulo-13873747,12,12,TRUE,279,122,279,
280,Perejil,Mlfpehckbdkfvvhbbouu,55,https://www.mexicampo.com.mx/michoacan-primer-lugar-nacional-en-produccion-de-fresa/,54,54,TRUE,280,121,280,
281,Tomate,Dyxwrxomkvtrf,8,https://pixers.es/fotomurales/lulo-13873748,96,96,TRUE,281,120,281,
282,Banano,Jrihsloggnvp,41,https://www.mexicampo.com.mx/michoacan-primer-lugar-nacional-en-produccion-de-fresa/,45,45,TRUE,282,119,282,
283,Tomate,Sxukqrxcwbzna,17,https://pixers.es/fotomurales/lulo-13873749,73,73,FALSE,283,118,283,
284,manzana,Dsueehrqxpqapbdco,86,https://www.mexicampo.com.mx/michoacan-primer-lugar-nacional-en-produccion-de-fresa/,83,83,TRUE,284,117,284,
285,manzana,Jyxwffjfbfqlf,50,https://pixers.es/fotomurales/lulo-13873750,44,44,FALSE,285,116,285,
286,manzana,Gywjgphcyhltryqt,90,https://www.mexicampo.com.mx/michoacan-primer-lugar-nacional-en-produccion-de-fresa/,64,64,TRUE,286,115,286,
287,Perejil,Pkydwuoqzgdnztrwq,74,https://pixers.es/fotomurales/lulo-13873751,19,19,TRUE,287,114,287,
288,Fresa,Wvujxjsjuwnqhrelptd,3,https://www.mexicampo.com.mx/michoacan-primer-lugar-nacional-en-produccion-de-fresa/,48,48,TRUE,288,113,288,
289,Tomate,Pokncnjseffwzzinjwo,7,https://pixers.es/fotomurales/lulo-13873752,75,75,FALSE,289,112,289,
290,Perejil,Tdyvrewtwiswn,87,https://www.mexicampo.com.mx/michoacan-primer-lugar-nacional-en-produccion-de-fresa/,44,44,FALSE,290,111,290,
291,Fresa,Nzkebjvqnkfunnroyesm,1,https://pixers.es/fotomurales/lulo-13873753,66,66,FALSE,291,110,291,
292,Banano,Covgeeggnaambsemhh,51,https://www.mexicampo.com.mx/michoacan-primer-lugar-nacional-en-produccion-de-fresa/,22,22,FALSE,292,109,292,
293,Perejil,Evevzoxlfepjmh,1,https://pixers.es/fotomurales/lulo-13873754,58,58,FALSE,293,108,293,
294,Tomate,Jgsxbetkrxnfnfewqy,65,https://www.mexicampo.com.mx/michoacan-primer-lugar-nacional-en-produccion-de-fresa/,92,92,TRUE,294,107,294,
295,cebolla,Hwijbgszwzrigewbyanqp,52,https://pixers.es/fotomurales/lulo-13873755,44,44,TRUE,295,106,295,
296,manzana,Bistzmdfvfmfvecmstte,90,https://www.mexicampo.com.mx/michoacan-primer-lugar-nacional-en-produccion-de-fresa/,58,58,TRUE,296,105,296,
297,Tomate,Noeuuabladgdcs,62,https://pixers.es/fotomurales/lulo-13873756,27,27,TRUE,297,104,297,
298,Tomate,Oahxorxhpmq,74,https://www.mexicampo.com.mx/michoacan-primer-lugar-nacional-en-produccion-de-fresa/,4,4,FALSE,298,103,298,
299,Tomate,Ixfhchxukedptof,87,https://pixers.es/fotomurales/lulo-13873757,23,23,TRUE,299,102,299,
300,Banano,Wvnaivynqecctjioybmzb,77,https://www.mexicampo.com.mx/michoacan-primer-lugar-nacional-en-produccion-de-fresa/,95,95,TRUE,300,101,300,
301,Tomate,Dfpymxxizzxwgvuzoswh,60,https://pixers.es/fotomurales/lulo-13873758,52,52,TRUE,301,100,301,
302,Fresa,Vnvytoftmydfixmai,96,https://www.mexicampo.com.mx/michoacan-primer-lugar-nacional-en-produccion-de-fresa/,15,15,TRUE,302,99,302,
303,Fresa,Oiemjskkxqvpqztohaor,7,https://pixers.es/fotomurales/lulo-13873759,66,66,TRUE,303,98,303,
304,manzana,Vmogxisxpkt,76,https://www.mexicampo.com.mx/michoacan-primer-lugar-nacional-en-produccion-de-fresa/,38,38,FALSE,304,97,304,
305,Banano,Quzktcoppeuvtpzcsjcz,24,https://pixers.es/fotomurales/lulo-13873760,34,34,TRUE,305,96,305,
306,Tomate,Fpbnlgzyhpn,48,https://www.mexicampo.com.mx/michoacan-primer-lugar-nacional-en-produccion-de-fresa/,34,34,TRUE,306,95,306,
307,cebolla,Qgrkkhuswtacwkelduej,49,https://pixers.es/fotomurales/lulo-13873761,8,8,FALSE,307,94,307,
308,Banano,Gqoxhgcvpypci,54,https://www.mexicampo.com.mx/michoacan-primer-lugar-nacional-en-produccion-de-fresa/,82,82,TRUE,308,93,308,
309,manzana,Cylucvglnwyqpvsak,75,https://pixers.es/fotomurales/lulo-13873762,69,69,FALSE,309,92,309,
310,Perejil,Mkxlaegrjshfbyqde,55,https://www.mexicampo.com.mx/michoacan-primer-lugar-nacional-en-produccion-de-fresa/,53,53,TRUE,310,91,310,
311,Fresa,Mxyvabpekijfeofq,59,https://pixers.es/fotomurales/lulo-13873763,58,58,TRUE,311,90,311,
312,cebolla,Kbtrlhofoex,66,https://www.mexicampo.com.mx/michoacan-primer-lugar-nacional-en-produccion-de-fresa/,6,6,FALSE,312,89,312,
313,Perejil,Gqppvryxxenvnwcs,89,https://pixers.es/fotomurales/lulo-13873764,94,94,TRUE,313,88,313,
314,Banano,Kcknhctgsbjywqxivbsrb,24,https://www.mexicampo.com.mx/michoacan-primer-lugar-nacional-en-produccion-de-fresa/,96,96,TRUE,314,87,314,
315,cebolla,Ikgkyzijxugt,58,https://pixers.es/fotomurales/lulo-13873765,93,93,FALSE,315,86,315,
316,Banano,Pncbcqjjblr,98,https://www.mexicampo.com.mx/michoacan-primer-lugar-nacional-en-produccion-de-fresa/,5,5,FALSE,316,85,316,
317,Banano,Xzjhfqsgmkiythtkvhdap,28,https://pixers.es/fotomurales/lulo-13873766,77,77,FALSE,317,84,317,
318,Tomate,Qnijzyehzofqy,3,https://www.mexicampo.com.mx/michoacan-primer-lugar-nacional-en-produccion-de-fresa/,86,86,TRUE,318,83,318,
319,Banano,Fikzdukixbamdfbldyuem,43,https://pixers.es/fotomurales/lulo-13873767,78,78,FALSE,319,82,319,
320,manzana,Yingggidwlugipjgq,48,https://www.mexicampo.com.mx/michoacan-primer-lugar-nacional-en-produccion-de-fresa/,80,80,TRUE,320,81,320,
321,Fresa,Cdmvjgcwtqq,9,https://pixers.es/fotomurales/lulo-13873768,5,5,TRUE,321,80,321,
322,Tomate,Qqkarkmmtqrhbjboje,4,https://www.mexicampo.com.mx/michoacan-primer-lugar-nacional-en-produccion-de-fresa/,57,57,TRUE,322,79,322,
323,Fresa,Gthddzrotorrx,6,https://pixers.es/fotomurales/lulo-13873769,77,77,TRUE,323,78,323,
324,cebolla,Vaqfgqdsnywchhbl,74,https://www.mexicampo.com.mx/michoacan-primer-lugar-nacional-en-produccion-de-fresa/,11,11,FALSE,324,77,324,
325,manzana,Xqvzqqiiphtgrbmbpf,54,https://pixers.es/fotomurales/lulo-13873770,8,8,TRUE,325,76,325,
326,Perejil,Xrtvradwcsyi,53,https://www.mexicampo.com.mx/michoacan-primer-lugar-nacional-en-produccion-de-fresa/,6,6,TRUE,326,75,326,
327,Fresa,Qqpkleubiqnynz,53,https://pixers.es/fotomurales/lulo-13873771,1,1,TRUE,327,74,327,
328,manzana,Dvydydhlnwwbprjjod,16,https://www.mexicampo.com.mx/michoacan-primer-lugar-nacional-en-produccion-de-fresa/,7,7,FALSE,328,73,328,
329,Fresa,Lpewwpuukpcbwy,85,https://pixers.es/fotomurales/lulo-13873772,68,68,TRUE,329,72,329,
330,Tomate,Itxapclzgrijf,73,https://www.mexicampo.com.mx/michoacan-primer-lugar-nacional-en-produccion-de-fresa/,67,67,FALSE,330,71,330,
331,Tomate,Esbpqsxcxzxvdxold,70,https://pixers.es/fotomurales/lulo-13873773,16,16,TRUE,331,70,331,
332,cebolla,Urjjgdpgmhtvywth,60,https://www.mexicampo.com.mx/michoacan-primer-lugar-nacional-en-produccion-de-fresa/,60,60,FALSE,332,69,332,
333,cebolla,Jydhxdrpxcs,94,https://pixers.es/fotomurales/lulo-13873774,40,40,TRUE,333,68,333,
334,manzana,Dcxpuohdhwoaupduil,93,https://www.mexicampo.com.mx/michoacan-primer-lugar-nacional-en-produccion-de-fresa/,81,81,FALSE,334,67,334,
335,manzana,Aatzwrvbiws,45,https://pixers.es/fotomurales/lulo-13873775,90,90,TRUE,335,66,335,
336,Fresa,Vtswfmnsuspjjgbegyb,58,https://www.mexicampo.com.mx/michoacan-primer-lugar-nacional-en-produccion-de-fresa/,62,62,TRUE,336,65,336,
337,Banano,Jpcdxzxxiyzbsmr,78,https://pixers.es/fotomurales/lulo-13873776,32,32,FALSE,337,64,337,
338,Perejil,Ufvapjqjcwkylddma,49,https://www.mexicampo.com.mx/michoacan-primer-lugar-nacional-en-produccion-de-fresa/,56,56,TRUE,338,63,338,
339,cebolla,Osidnsvgnxnnzuhjs,52,https://pixers.es/fotomurales/lulo-13873777,80,80,FALSE,339,62,339,
340,Perejil,Iwluifnsyzbmfwwr,90,https://www.mexicampo.com.mx/michoacan-primer-lugar-nacional-en-produccion-de-fresa/,41,41,TRUE,340,61,340,
341,manzana,Ybkzujfthhtgrcu,18,https://pixers.es/fotomurales/lulo-13873778,55,55,TRUE,341,60,341,
342,Tomate,Oaojwthwxdnxiygrz,55,https://www.mexicampo.com.mx/michoacan-primer-lugar-nacional-en-produccion-de-fresa/,42,42,FALSE,342,59,342,
343,Fresa,Btfcxhaemxheloisnrcq,18,https://pixers.es/fotomurales/lulo-13873779,99,99,FALSE,343,58,343,
344,Banano,Ateobbfjfpvzeknoohvp,13,https://www.mexicampo.com.mx/michoacan-primer-lugar-nacional-en-produccion-de-fresa/,7,7,TRUE,344,57,344,
345,Perejil,Smyocfhmmvkmjwdnqs,44,https://pixers.es/fotomurales/lulo-13873780,73,73,FALSE,345,56,345,
346,manzana,Mlxbfkinzqenuzuu,50,https://www.mexicampo.com.mx/michoacan-primer-lugar-nacional-en-produccion-de-fresa/,42,42,FALSE,346,55,346,
347,cebolla,Bsqkrjehtzc,55,https://pixers.es/fotomurales/lulo-13873781,20,20,TRUE,347,54,347,
348,Tomate,Rmptewwhaemnpnprykyp,89,https://www.mexicampo.com.mx/michoacan-primer-lugar-nacional-en-produccion-de-fresa/,62,62,TRUE,348,53,348,
349,manzana,Ovbcojketuigfomxvuh,49,https://pixers.es/fotomurales/lulo-13873782,20,20,FALSE,349,52,349,
350,Perejil,Ggcxmqqkchwq,33,https://www.mexicampo.com.mx/michoacan-primer-lugar-nacional-en-produccion-de-fresa/,19,19,FALSE,350,51,350,
351,Fresa,Anpeytvrcyidiw,68,https://pixers.es/fotomurales/lulo-13873783,22,22,TRUE,351,50,351,
352,Tomate,Zublshwrsmxb,29,https://www.mexicampo.com.mx/michoacan-primer-lugar-nacional-en-produccion-de-fresa/,96,96,TRUE,352,49,352,
353,Banano,Qpkwgccgjjlkjruwcv,59,https://pixers.es/fotomurales/lulo-13873784,17,17,TRUE,353,48,353,
354,manzana,Gqmdoeyhdcibmgsbh,69,https://www.mexicampo.com.mx/michoacan-primer-lugar-nacional-en-produccion-de-fresa/,9,9,FALSE,354,47,354,
355,manzana,Zgjfvunjcxdcycqikl,93,https://pixers.es/fotomurales/lulo-13873785,1,1,FALSE,355,46,355,
356,cebolla,Onknkzrmrrgfhqokra,83,https://www.mexicampo.com.mx/michoacan-primer-lugar-nacional-en-produccion-de-fresa/,11,11,TRUE,356,45,356,
357,Fresa,Recwfjwdmpb,61,https://pixers.es/fotomurales/lulo-13873786,81,81,FALSE,357,44,357,
358,manzana,Pbuqwxvokqfvruuqh,51,https://www.mexicampo.com.mx/michoacan-primer-lugar-nacional-en-produccion-de-fresa/,79,79,TRUE,358,43,358,
359,cebolla,Cofvcbojksjuhnv,68,https://pixers.es/fotomurales/lulo-13873787,3,3,FALSE,359,42,359,
360,Tomate,Mbwjbwhlcbhnpc,85,https://www.mexicampo.com.mx/michoacan-primer-lugar-nacional-en-produccion-de-fresa/,80,80,FALSE,360,41,360,
361,Perejil,Zgywbjpjbtkurtwwpuvhw,48,https://pixers.es/fotomurales/lulo-13873788,81,81,TRUE,361,40,361,
362,manzana,Hgqqrfaonvtuultguo,26,https://www.mexicampo.com.mx/michoacan-primer-lugar-nacional-en-produccion-de-fresa/,9,9,FALSE,362,39,362,
363,manzana,Auzswepuvtuhuahe,14,https://pixers.es/fotomurales/lulo-13873789,27,27,FALSE,363,38,363,
364,Fresa,Gugqskykzsacmqvzw,44,https://www.mexicampo.com.mx/michoacan-primer-lugar-nacional-en-produccion-de-fresa/,36,36,TRUE,364,37,364,
365,Banano,Bmhlbapjbdo,51,https://pixers.es/fotomurales/lulo-13873790,51,51,TRUE,365,36,365,
366,Banano,Jmynpjblghuibhdle,84,https://www.mexicampo.com.mx/michoacan-primer-lugar-nacional-en-produccion-de-fresa/,40,40,TRUE,366,35,366,
367,manzana,Pxueafitfehslktlhugq,94,https://pixers.es/fotomurales/lulo-13873791,69,69,TRUE,367,34,367,
368,Banano,Eujpeazcbga,87,https://www.mexicampo.com.mx/michoacan-primer-lugar-nacional-en-produccion-de-fresa/,79,79,TRUE,368,33,368,
369,Tomate,Bofhpbjdvdebw,99,https://pixers.es/fotomurales/lulo-13873792,79,79,TRUE,369,32,369,
370,Fresa,Ggvoupcdzoiakwb,33,https://www.mexicampo.com.mx/michoacan-primer-lugar-nacional-en-produccion-de-fresa/,97,97,FALSE,370,31,370,
371,manzana,Cxjhlukcpov,21,https://pixers.es/fotomurales/lulo-13873793,67,67,FALSE,371,30,371,
372,Tomate,Wfswyeivkegcwfplwb,83,https://www.mexicampo.com.mx/michoacan-primer-lugar-nacional-en-produccion-de-fresa/,12,12,FALSE,372,29,372,
373,Banano,Mkuhoitqfzsgqlv,47,https://pixers.es/fotomurales/lulo-13873794,22,22,FALSE,373,28,373,
374,Fresa,Kprrtskuuijeqofahblxd,18,https://www.mexicampo.com.mx/michoacan-primer-lugar-nacional-en-produccion-de-fresa/,59,59,TRUE,374,27,374,
375,Perejil,Eszcovliunsjh,42,https://pixers.es/fotomurales/lulo-13873795,13,13,TRUE,375,26,375,
376,Tomate,Eimodbhvdtbvdpacd,63,https://www.mexicampo.com.mx/michoacan-primer-lugar-nacional-en-produccion-de-fresa/,93,93,TRUE,376,25,376,
377,Tomate,Jqfdrneeuokqpegulz,87,https://pixers.es/fotomurales/lulo-13873796,16,16,TRUE,377,24,377,
378,cebolla,Qzjmesmsgecgrteipjo,69,https://www.mexicampo.com.mx/michoacan-primer-lugar-nacional-en-produccion-de-fresa/,17,17,FALSE,378,23,378,
379,Banano,Egvvohztyezjnqw,6,https://pixers.es/fotomurales/lulo-13873797,47,47,TRUE,379,22,379,
380,Fresa,Eyviktuszsjif,71,https://www.mexicampo.com.mx/michoacan-primer-lugar-nacional-en-produccion-de-fresa/,51,51,FALSE,380,21,380,
381,Fresa,Fqzvwsdvsrimjdk,20,https://pixers.es/fotomurales/lulo-13873798,51,51,FALSE,381,20,381,
382,Tomate,Gqqeodgcsoefdc,55,https://www.mexicampo.com.mx/michoacan-primer-lugar-nacional-en-produccion-de-fresa/,93,93,TRUE,382,19,382,
383,Tomate,Nksqqopzysijdojozzqg,93,https://pixers.es/fotomurales/lulo-13873799,67,67,TRUE,383,18,383,
384,Fresa,Vndmflvattiw,20,https://www.mexicampo.com.mx/michoacan-primer-lugar-nacional-en-produccion-de-fresa/,25,25,FALSE,384,17,384,
385,Perejil,Zdrbkxsgktgo,26,https://pixers.es/fotomurales/lulo-13873800,24,24,FALSE,385,16,385,
386,manzana,Ieuwocwbccaewxtzvvxu,49,https://www.mexicampo.com.mx/michoacan-primer-lugar-nacional-en-produccion-de-fresa/,27,27,FALSE,386,15,386,
387,Banano,Szmmojxnizhjyg,100,https://pixers.es/fotomurales/lulo-13873801,94,94,FALSE,387,14,387,
388,Banano,Zjwqdpgxuqcsizskk,55,https://www.mexicampo.com.mx/michoacan-primer-lugar-nacional-en-produccion-de-fresa/,8,8,FALSE,388,13,388,
389,manzana,Rpowrivndikivpcp,91,https://pixers.es/fotomurales/lulo-13873802,98,98,FALSE,389,12,389,
390,manzana,Fkjmdiovncuufcotsat,77,https://www.mexicampo.com.mx/michoacan-primer-lugar-nacional-en-produccion-de-fresa/,27,27,FALSE,390,11,390,
391,cebolla,Dbsnyhflrxplghucj,7,https://pixers.es/fotomurales/lulo-13873803,37,37,FALSE,391,10,391,
392,manzana,Limwcelouvdkiksoidss,67,https://www.mexicampo.com.mx/michoacan-primer-lugar-nacional-en-produccion-de-fresa/,29,29,FALSE,392,9,392,
393,manzana,Odecckgbktcivsky,81,https://pixers.es/fotomurales/lulo-13873804,42,42,FALSE,393,8,393,
394,Fresa,Otalzadkowcmzgaydgqod,27,https://www.mexicampo.com.mx/michoacan-primer-lugar-nacional-en-produccion-de-fresa/,45,45,FALSE,394,7,394,
395,cebolla,Zywcznhatoyspfpqtukgo,35,https://pixers.es/fotomurales/lulo-13873805,88,88,FALSE,395,6,395,
396,Fresa,Chpmbyxjgqpasyvn,95,https://www.mexicampo.com.mx/michoacan-primer-lugar-nacional-en-produccion-de-fresa/,27,27,TRUE,396,5,396,
397,Tomate,Tgpcfusevdeeybjtnx,35,https://pixers.es/fotomurales/lulo-13873806,82,82,TRUE,397,4,397,
398,Banano,Xkfrjbitpgxfhvozz,43,https://www.mexicampo.com.mx/michoacan-primer-lugar-nacional-en-produccion-de-fresa/,81,81,TRUE,398,3,398,
399,Tomate,Hsyofjyouxwbucwh,58,https://pixers.es/fotomurales/lulo-13873807,72,72,TRUE,399,2,399,
400,manzana,Agytflmlxrsmackwau,31,https://www.mexicampo.com.mx/michoacan-primer-lugar-nacional-en-produccion-de-fresa/,17,17,TRUE,400,1,400,1
